country,date,total_mins,international_mins,sms,total_data_usage,payg_amount
DDD,6/28/2025,1249,654,1438,3217,278.23
DDD,6/21/2025,1132,605,1921,1859,161.75
DDD,1/19/2025,2460,413,742,7851,231.27
DDD,5/14/2025,1523,999,829,2063,211.77
BBB,6/22/2025,1521,329,504,5243,192.95
AAA,6/5/2025,2523,543,1489,3911,181.71
CCC,6/8/2025,3175,136,944,7818,284.47
BBB,3/23/2025,4779,613,1770,2910,237.59
BBB,6/20/2025,4156,663,1770,3792,148.36
DDD,1/14/2025,1536,861,1515,6515,246.72
AAA,4/15/2025,2838,193,523,8738,110.07
DDD,6/21/2025,3061,768,1422,2408,74.93
BBB,3/24/2025,1101,554,1981,7651,102
CCC,6/22/2025,4607,347,1356,4986,126.71
AAA,2/2/2025,3316,730,737,6009,168.45
CCC,6/30/2025,3080,661,575,1885,267.39
BBB,1/18/2025,1830,785,1266,5836,158.29
CCC,3/22/2025,3533,648,1905,4250,273.46
BBB,2/10/2025,2549,385,1163,4277,297.41
BBB,5/16/2025,3358,414,954,2597,180.08
BBB,5/14/2025,4761,269,664,8428,226.63
DDD,2/26/2025,1717,572,1814,6030,234.84
CCC,3/29/2025,4344,718,1999,5621,173.47
DDD,3/4/2025,2188,633,1768,8956,203.97
CCC,2/6/2025,4492,445,1972,1621,253.74
DDD,6/8/2025,1874,203,1962,5226,109.4
BBB,1/6/2025,3084,192,1730,6458,158.95
AAA,1/24/2025,3128,740,679,7305,253.99
DDD,6/1/2025,1389,767,1487,8287,139.56
CCC,5/8/2025,4978,187,1298,5224,98.1
BBB,1/12/2025,4394,869,610,2788,53.47
AAA,1/12/2025,2898,558,1387,3694,292.69
BBB,5/22/2025,2992,886,1310,3934,114.27
AAA,3/26/2025,4407,576,1412,8314,199.12
DDD,3/10/2025,2604,546,1748,9277,281.64
BBB,2/12/2025,2847,873,1814,4927,93.12
AAA,6/25/2025,1942,112,943,8163,188.19
AAA,3/8/2025,3723,929,1173,4558,166.7
AAA,3/29/2025,4941,626,1213,8561,224.4
CCC,2/15/2025,1400,272,1657,9019,192.41
BBB,4/15/2025,1415,344,1055,7617,243.29
BBB,3/31/2025,2802,925,1126,3185,74.25
BBB,2/12/2025,2091,174,1104,6691,141.65
BBB,1/5/2025,2281,525,667,3139,241.16
DDD,1/22/2025,2623,251,1482,1541,101.23
DDD,5/26/2025,3955,968,616,7896,90.61
CCC,1/26/2025,4527,743,1095,1169,157.6
BBB,5/1/2025,1820,310,651,5848,273.02
CCC,6/30/2025,1945,854,659,4959,264.97
CCC,4/12/2025,2804,923,1360,2158,195.45
,,,,,,
