country,channel,date,subs,netadds,churn
AAA,Partner,7/31/2024,63654,-1997,7078
CCC,Online,8/31/2024,13130,-3001,9958
BBB,Online,9/30/2024,30501,-2237,9572
CCC,Retail,10/31/2024,89826,-3697,3672
BBB,Online,11/30/2024,67176,354,3961
AAA,Online,12/31/2024,43672,213,4345
BBB,Partner,1/31/2025,31949,-3300,9129
AAA,Online,2/28/2025,81803,3800,3420
AAA,Online,3/31/2025,93758,-3000,4814
AAA,Partner,4/30/2025,15308,4901,5795
CCC,Retail,5/31/2025,44131,2080,7271
AAA,Retail,6/30/2025,99173,-3539,4645
DDD,Retail,7/31/2025,59684,-1959,3544
DDD,Retail,8/31/2025,10825,-2533,3444
AAA,Online,9/30/2025,12091,3206,4411
AAA,Partner,10/31/2025,87922,951,1664
CCC,Online,11/30/2025,64247,3336,6979
DDD,Retail,12/31/2025,79762,1314,4454
CCC,Online,1/31/2026,37766,2986,4316
DDD,Online,2/28/2026,11049,-1402,2335
,,,,,
