country,channel,date,revenue,net_revenue
BBB,Partner,7/31/2024,168400.67,185658.25
CCC,Partner,8/31/2024,629227.32,568068.83
DDD,Partner,9/30/2024,492438.71,479731.97
DDD,Retail,10/31/2024,510194.34,225046.09
BBB,Retail,11/30/2024,14361.93,511016.31
CCC,Online,12/31/2024,780842.32,365391.44
CCC,Online,1/31/2025,257152.54,232950.34
BBB,Online,2/28/2025,833666.29,624976.88
CCC,Online,3/31/2025,899616.58,373736.07
DDD,Partner,4/30/2025,49782.7,256011.42
AAA,Partner,5/31/2025,611201.32,78647.16
DDD,Partner,6/30/2025,611042.16,159681.81
CCC,Online,7/31/2025,936879.75,768508.03
AAA,Retail,8/31/2025,171416.76,650696.47
DDD,Online,9/30/2025,851100.24,619862.84
CCC,Retail,10/31/2025,592985.3,591804.32
DDD,Retail,11/30/2025,801806.04,540548.9
CCC,Partner,12/31/2025,123193.34,32252.35
CCC,Partner,1/31/2026,919873.35,253179.17
AAA,Partner,2/28/2026,553283.66,644225.46
